"annotation_id","annotator","created_at","id","image","label","lead_time","updated_at"
1,"1","2026-01-12T03:42:57.779289Z",1,"/data/upload/1/73f4743a-1-21-mj-00206-AJ-1.png","[{""x"":75.04434712809665,""y"":85.01207762655166,""width"":6.084676794170084,""height"":4.634631890195837,""rotation"":0,""rectanglelabels"":[""Seal""],""original_width"":2550,""original_height"":3301}]",117.689,"2026-01-12T03:42:57.779314Z"
2,"1","2026-01-12T03:55:08.294533Z",2,"/data/upload/1/b3037e93-1-21-mj-00209-AJ_0-1.png","[{""x"":78.90842140188622,""y"":82.85929717999838,""width"":5.684167185127581,""height"":4.288190587044859,""rotation"":0,""rectanglelabels"":[""Seal""],""original_width"":2540,""original_height"":3287}]",717.934,"2026-01-12T03:55:08.294559Z"
3,"1","2026-01-12T03:56:26.669860Z",3,"/data/upload/1/378d0d18-1-21-mj-00263-AJ-1.png","[{""x"":75.71908141970935,""y"":85.09193517803601,""width"":6.071248459600681,""height"":4.668116257747622,""rotation"":0,""rectanglelabels"":[""Seal""],""original_width"":2550,""original_height"":3301}]",75.635,"2026-01-12T03:56:26.669896Z"
4,"1","2026-01-12T03:59:39.839643Z",4,"/data/upload/1/c0fbee50-1-21-mj-00271-AJ-1.png","[{""x"":73.60796467885837,""y"":84.02208097704734,""width"":5.7694970600193285,""height"":4.427416513207508,""rotation"":0,""rectanglelabels"":[""Seal""],""original_width"":2535,""original_height"":3298}]",66.629,"2026-01-12T03:59:39.839674Z"
5,"1","2026-01-12T04:00:31.331215Z",5,"/data/upload/1/86740d9b-1-21-mj-00275-AJ_0-1.png","[{""x"":74.09591514792314,""y"":84.70527814471434,""width"":5.997268315843001,""height"":4.632848895909932,""rotation"":0,""rectanglelabels"":[""Seal""],""original_width"":2550,""original_height"":3301}]",48.608,"2026-01-12T04:00:31.331242Z"
6,"1","2026-01-12T04:01:33.671295Z",6,"/data/upload/1/731433ac-1-21-mj-00281-AJ-1.png","[{""x"":75.8231650600736,""y"":85.48751824078865,""width"":5.997268315842947,""height"":4.584757038859137,""rotation"":0,""rectanglelabels"":[""Seal""],""original_width"":2550,""original_height"":3301}]",59.857,"2026-01-12T04:01:33.671318Z"
7,"1","2026-01-12T04:03:06.480896Z",7,"/data/upload/1/3e5f1999-1-21-mj-00282-AJ-1.png","[{""x"":76.41808414924914,""y"":85.37783888787503,""width"":5.976516522362631,""height"":4.608802967384972,""rotation"":0,""rectanglelabels"":[""Seal""],""original_width"":2550,""original_height"":3301}]",90.76,"2026-01-12T04:03:06.480922Z"
8,"1","2026-01-12T04:04:18.860545Z",8,"/data/upload/1/56d0e3ce-1-21-mj-00304-AJ-1.png","[{""x"":75.51704659916405,""y"":84.70042612690915,""width"":5.976516522362674,""height"":4.640864205418795,""rotation"":0,""rectanglelabels"":[""Seal""],""original_width"":2550,""original_height"":3301}]",69.955,"2026-01-12T04:04:18.860572Z"
9,"1","2026-01-12T04:05:42.384253Z",9,"/data/upload/1/428f37c2-1-21-mj-00326-AJ-1.png","[{""x"":76.02011407931887,""y"":84.60794020660187,""width"":5.995711931332151,""height"":4.653528394442254,""rotation"":0,""rectanglelabels"":[""Seal""],""original_width"":2550,""original_height"":3301}]",81.371,"2026-01-12T04:05:42.384279Z"
10,"1","2026-01-12T04:07:05.478335Z",10,"/data/upload/1/3fb44f0a-1-21-mj-00327-AJ-1.png","[{""x"":75.6056356892687,""y"":83.41441726074665,""width"":5.967385733231226,""height"":4.5951769412204,""rotation"":0,""rectanglelabels"":[""Seal""],""original_width"":2550,""original_height"":3301}]",80.545,"2026-01-12T04:07:05.478356Z"
11,"1","2026-01-12T04:08:04.100970Z",11,"/data/upload/1/95b595f4-1-22-mj-00012-AJ-1.png","[{""x"":76.04108120766529,""y"":81.38188183120039,""width"":5.501005565643397,""height"":4.252362153541981,""rotation"":0,""rectanglelabels"":[""Seal""],""original_width"":2535,""original_height"":3285}]",54.042,"2026-01-12T04:08:04.101027Z"
12,"1","2026-01-12T04:10:00.380922Z",12,"/data/upload/1/8227df17-1-22-mj-00017-AJ-1.png","[{""x"":76.76638567903397,""y"":84.82718947346939,""width"":5.986269865298147,""height"":4.638940531136659,""rotation"":0,""rectanglelabels"":[""Seal""],""original_width"":2550,""original_height"":3301}]",112.989,"2026-01-12T04:10:00.380946Z"
13,"1","2026-01-12T04:11:25.530076Z",13,"/data/upload/1/9092686c-1-22-mj-00018-AJ-1.png","[{""x"":74.61026159085353,""y"":85.26679041358584,""width"":5.825754742726965,""height"":4.471180103123842,""rotation"":0,""rectanglelabels"":[""Seal""],""original_width"":2550,""original_height"":3301}]",82.869,"2026-01-12T04:11:25.530098Z"
14,"1","2026-01-12T04:12:42.690917Z",14,"/data/upload/1/9fef3535-1-22-mj-00033-AJ-1.png","[{""x"":78.34328687765515,""y"":85.88067694019942,""width"":5.831253967999457,""height"":4.496588634265675,""rotation"":0,""rectanglelabels"":[""Seal""],""original_width"":2550,""original_height"":3301}]",74.807,"2026-01-12T04:12:42.690940Z"
15,"1","2026-01-12T04:15:32.731445Z",15,"/data/upload/1/8a6cdd33-1-22-mj-00048-AJ-1.png","[{""x"":76.72381415329006,""y"":85.27009835746908,""width"":5.835196808760842,""height"":4.507649761387533,""rotation"":0,""rectanglelabels"":[""Seal""],""original_width"":2550,""original_height"":3301}]",165.26,"2026-01-12T04:15:32.731479Z"
16,"1","2026-01-12T04:18:19.821195Z",16,"/data/upload/1/4a46e1d5-1-22-mj-00103-AJ-1.png","[{""x"":77.14407984094743,""y"":81.88600500068816,""width"":5.39672301529543,""height"":4.111853777857983,""rotation"":0,""rectanglelabels"":[""Seal""],""original_width"":2544,""original_height"":3294}]",163.913,"2026-01-12T04:18:19.821218Z"
17,"1","2026-01-12T04:19:45.665539Z",17,"/data/upload/1/fe546332-1-22-mj-00105-AJ-1.png","[{""x"":78.41827352062053,""y"":85.25836618778413,""width"":5.81506300825115,""height"":4.485321128168867,""rotation"":0,""rectanglelabels"":[""Seal""],""original_width"":2550,""original_height"":3301}]",80.015,"2026-01-12T04:19:45.665561Z"
18,"1","2026-01-12T04:21:10.481245Z",18,"/data/upload/1/8169692e-1-22-mj-00108-DL-1.png","[{""x"":82.6728571586313,""y"":82.91657074344985,""width"":6.970703318006458,""height"":5.346211442166188,""rotation"":0,""rectanglelabels"":[""Seal""],""original_width"":2537,""original_height"":3298}]",81.921,"2026-01-12T04:21:10.481276Z"
19,"1","2026-01-12T04:22:18.665348Z",19,"/data/upload/1/9c7bfeb7-1-22-mj-00119-AJ-1.png","[{""x"":81.99119463849141,""y"":84.70283108662088,""width"":5.787986478592793,""height"":4.493061898082144,""rotation"":0,""rectanglelabels"":[""Seal""],""original_width"":2550,""original_height"":3301}]",66.268,"2026-01-12T04:22:18.665371Z"
20,"1","2026-01-12T04:23:26.290701Z",20,"/data/upload/1/154a35e7-1-22-mj-00141-AJ-1.png","[{""x"":83.08443949775001,""y"":84.78818446713774,""width"":5.825754742727331,""height"":4.500355829734637,""rotation"":0,""rectanglelabels"":[""Seal""],""original_width"":2550,""original_height"":3301}]",65.4,"2026-01-12T04:23:26.290724Z"
21,"1","2026-01-12T04:24:55.535492Z",21,"/data/upload/1/2faf3a7f-1-22-mj-00170-AJ-1.png","[{""x"":78.06930271398218,""y"":86.71225758729858,""width"":5.8729650728950284,""height"":4.507649761387338,""rotation"":0,""rectanglelabels"":[""Seal""],""original_width"":2550,""original_height"":3301}]",86.721,"2026-01-12T04:24:55.535562Z"
22,"1","2026-01-12T04:25:50.826741Z",22,"/data/upload/1/5f3f7f09-1-22-mj-00180-AJ-1.png","[{""x"":76.97569230827092,""y"":86.7164564596491,""width"":5.806870610660128,""height"":4.468935816461452,""rotation"":0,""rectanglelabels"":[""Seal""],""original_width"":2550,""original_height"":3301}]",75.703,"2026-01-12T04:26:14.020829Z"
23,"1","2026-01-12T04:27:23.125463Z",23,"/data/upload/1/c1717792-1-22-mj-00188-AJ-1.png","[{""x"":80.17976963596027,""y"":89.13114684876243,""width"":5.820878071259278,""height"":4.488573324757272,""rotation"":0,""rectanglelabels"":[""Seal""],""original_width"":2550,""original_height"":3301}]",66.714,"2026-01-12T04:27:23.125493Z"
24,"1","2026-01-12T04:29:44.896453Z",24,"/data/upload/1/4b59aa70-1-22-mj-00717-JRS-1.png","[{""x"":72.51204274484142,""y"":82.67741056915156,""width"":17.879442421436444,""height"":13.81174740220022,""rotation"":0,""rectanglelabels"":[""Seal""],""original_width"":2550,""original_height"":3301}]",137.033,"2026-01-12T04:29:44.896476Z"
25,"1","2026-01-12T04:32:00.092641Z",25,"/data/upload/1/ec3a0076-1-23-mj-00012-AJ-1.png","[{""x"":80.02481435781755,""y"":84.69503960667339,""width"":6.7833035086346065,""height"":5.228561470598196,""rotation"":0,""rectanglelabels"":[""Seal""],""original_width"":2550,""original_height"":3301}]",160.62099999999998,"2026-01-12T04:32:28.770294Z"
26,"1","2026-01-12T04:33:11.269416Z",26,"/data/upload/1/36ef6c1d-1-23-mj-00052-AJ-1.png","[{""x"":80.60170924529699,""y"":84.79110452315788,""width"":6.720542664937211,""height"":5.20356317757023,""rotation"":0,""rectanglelabels"":[""Seal""],""original_width"":2550,""original_height"":3301}]",39.444,"2026-01-12T04:33:11.269439Z"
27,"1","2026-01-12T04:34:50.164358Z",27,"/data/upload/1/e337d543-1-23-mj-00153-TSM-1.png","[{""x"":73.44324736622565,""y"":85.02002188136903,""width"":4.847291387394765,""height"":3.762945367686206,""rotation"":0,""rectanglelabels"":[""Seal""],""original_width"":2550,""original_height"":3301}]",97.017,"2026-01-12T04:34:50.164382Z"
28,"1","2026-01-12T04:36:17.400780Z",28,"/data/upload/1/a11fe599-1-23-mj-00154-TSM-1.png","[{""x"":75.1202402688824,""y"":83.68405947726585,""width"":7.822525411381857,""height"":6.03085778414229,""rotation"":0,""rectanglelabels"":[""Seal""],""original_width"":2550,""original_height"":3301}]",85.15,"2026-01-12T04:36:17.400806Z"
29,"1","2026-01-12T04:37:16.413457Z",29,"/data/upload/1/26d8fb78-1-23-mj-00190-TSM-1.png","[{""x"":75.31849163973851,""y"":84.0641121561774,""width"":6.542649458848116,""height"":5.063375016813299,""rotation"":0,""rectanglelabels"":[""Seal""],""original_width"":2550,""original_height"":3301}]",54.367,"2026-01-12T04:37:16.413479Z"
30,"1","2026-01-12T04:38:20.503057Z",30,"/data/upload/1/33e7cad0-1-23-mj-00219-TSM-1.png","[{""x"":73.95141193100217,""y"":83.84896773746594,""width"":7.13005521318259,""height"":5.515297377148215,""rotation"":0,""rectanglelabels"":[""Seal""],""original_width"":2550,""original_height"":3301}]",62.148,"2026-01-12T04:38:20.503102Z"
31,"1","2026-01-12T04:39:45.297061Z",31,"/data/upload/1/77f5e300-1-24-mj-00002-AJ-1.png","[{""x"":81.95049589060635,""y"":85.34009978882892,""width"":6.447136328062097,""height"":4.989591774309576,""rotation"":0,""rectanglelabels"":[""Seal""],""original_width"":2550,""original_height"":3301}]",82.698,"2026-01-12T04:39:45.297094Z"
32,"1","2026-01-12T04:40:57.460093Z",32,"/data/upload/1/3c8134c4-1-24-mj-00067-TSM-1.png","[{""x"":75.95127391432106,""y"":84.03576490888585,""width"":7.822525411381879,""height"":6.0428475610492836,""rotation"":0,""rectanglelabels"":[""Seal""],""original_width"":2550,""original_height"":3301}]",70.191,"2026-01-12T04:40:57.460115Z"
33,"1","2026-01-12T04:41:46.757870Z",33,"/data/upload/1/8fbc911e-1-24-mj-00097-TSM-1.png","[{""x"":78.57085444244312,""y"":83.1929640031088,""width"":7.8846089463926905,""height"":6.0668271148629795,""rotation"":0,""rectanglelabels"":[""Seal""],""original_width"":2550,""original_height"":3301}]",46.779,"2026-01-12T04:41:46.757893Z"
34,"1","2026-01-12T04:44:26.177739Z",34,"/data/upload/1/ff5ebb88-2-21-mj-00218-WED-1.png","[{""x"":73.27119972909713,""y"":2.144991591152887,""width"":20.012927063841794,""height"":15.287049244868628,""rotation"":0,""rectanglelabels"":[""Seal""],""original_width"":2550,""original_height"":3301}]",301.90999999999997,"2026-01-12T04:53:58.811853Z"
35,"1","2026-01-12T04:46:08.331511Z",35,"/data/upload/1/2f70a4e0-2-21-mj-00448-SCD-1.png","[{""x"":74.43691872346263,""y"":3.961456497260178,""width"":16.824752719397328,""height"":12.811830268082547,""rotation"":0,""rectanglelabels"":[""Seal""],""original_width"":2538,""original_height"":3312}]",1116.556,"2026-01-12T05:11:05.254235Z"
36,"1","2026-01-12T04:48:17.487390Z",36,"/data/upload/1/e87aeee1-2-21-mj-00480-SCD-1.png","[{""x"":76.30092978468232,""y"":2.752967053639798,""width"":16.596169027043338,""height"":12.71506129251499,""rotation"":0,""rectanglelabels"":[""Seal""],""original_width"":2550,""original_height"":3301}]",81.81,"2026-01-12T05:11:31.439538Z"
37,"1","2026-01-12T05:12:09.527055Z",37,"/data/upload/1/d239d13d-2-21-mj-00495-SCD-1.png","[{""x"":75.24384895493417,""y"":2.954419553622154,""width"":18.106771632134937,""height"":13.77662534904777,""rotation"":0,""rectanglelabels"":[""Seal""],""original_width"":2550,""original_height"":3301}]",35.215,"2026-01-12T05:12:09.527079Z"
38,"1","2026-01-12T05:12:47.460958Z",38,"/data/upload/1/803522bc-2-21-mj-00497-SCD-1.png","[{""x"":74.29431232870826,""y"":2.6341539864336094,""width"":17.42440928156026,""height"":13.112876437960717,""rotation"":0,""rectanglelabels"":[""Seal""],""original_width"":2550,""original_height"":3301}]",34.575,"2026-01-12T05:12:47.460984Z"
39,"1","2026-01-12T05:13:15.276071Z",39,"/data/upload/1/6df18153-2-21-mj-00500-SCD-1.png","[{""x"":75.15616483080743,""y"":3.2999291698179305,""width"":16.937275258634926,""height"":12.765515472716714,""rotation"":0,""rectanglelabels"":[""Seal""],""original_width"":2550,""original_height"":3301}]",25.016,"2026-01-12T05:13:15.276094Z"
40,"1","2026-01-12T05:14:00.731299Z",40,"/data/upload/1/d534acdf-2-21-mj-00521-SCD-1.png","[{""x"":72.27083254117306,""y"":1.6832533882474208,""width"":22.520580598317842,""height"":17.08685129033546,""rotation"":0,""rectanglelabels"":[""Seal""],""original_width"":2550,""original_height"":3301}]",41.105,"2026-01-12T05:14:00.731331Z"
41,"1","2026-01-12T05:15:00.689870Z",41,"/data/upload/1/d7eb9a43-2-21-mj-00529-SCD-1.png","[{""x"":76.92955750534313,""y"":3.24045814900591,""width"":15.325985798189592,""height"":11.59896156443896,""rotation"":0,""rectanglelabels"":[""Seal""],""original_width"":2550,""original_height"":3301}]",57.709,"2026-01-12T05:15:00.689893Z"
42,"1","2026-01-12T05:15:40.108365Z",42,"/data/upload/1/233b98a9-2-21-mj-00530-SCD-1.png","[{""x"":75.26858037455959,""y"":3.9367576060985785,""width"":16.262781996122904,""height"":12.331314266161725,""rotation"":0,""rectanglelabels"":[""Seal""],""original_width"":2550,""original_height"":3301}]",37.308,"2026-01-12T05:15:40.108388Z"
43,"1","2026-01-12T05:16:16.068107Z",43,"/data/upload/1/7de76230-2-21-mj-00540-SCD-1.png","[{""x"":72.65214981276446,""y"":3.117427258462287,""width"":20.298874735298984,""height"":15.451194668994834,""rotation"":0,""rectanglelabels"":[""Seal""],""original_width"":2550,""original_height"":3301}]",33.823,"2026-01-12T05:16:16.068149Z"
44,"1","2026-01-12T05:16:42.902264Z",44,"/data/upload/1/a5f6ff3e-2-21-mj-01049-NJ-1.png","[{""x"":74.95400421129364,""y"":8.3225359443546,""width"":23.006852768740917,""height"":17.49868493187845,""rotation"":0,""rectanglelabels"":[""Seal""],""original_width"":2550,""original_height"":3301}]",24.665,"2026-01-12T05:16:42.902288Z"
45,"1","2026-01-12T05:17:17.917725Z",45,"/data/upload/1/e1e75f03-2-22-mj00300-SCD-1.png","[{""x"":75.31729377685186,""y"":2.7600723805037886,""width"":19.74766385243493,""height"":14.965468252595276,""rotation"":0,""rectanglelabels"":[""Seal""],""original_width"":2550,""original_height"":3301}]",32.676,"2026-01-12T05:17:17.917787Z"
46,"1","2026-01-12T05:18:27.960926Z",46,"/data/upload/1/09f8f290-2-22-mj-00014-WED-1.png","[{""x"":72.74197732659093,""y"":1.6916536900876449,""width"":18.844341256246206,""height"":14.334539163374338,""rotation"":0,""rectanglelabels"":[""Seal""],""original_width"":2550,""original_height"":3301}]",68.105,"2026-01-12T05:18:27.960948Z"
47,"1","2026-01-12T05:19:07.355228Z",47,"/data/upload/1/01df406c-2-22-mj-00025-WED-1.png","[{""x"":73.1655397739399,""y"":3.197626015516165,""width"":21.172579433682216,""height"":16.208656009685416,""rotation"":0,""rectanglelabels"":[""Seal""],""original_width"":2550,""original_height"":3301}]",36.547,"2026-01-12T05:19:07.355279Z"
48,"1","2026-01-12T05:20:09.865863Z",48,"/data/upload/1/f3e048e9-2-22-mj-00028-WED-1.png","[{""x"":73.44681154436259,""y"":3.7181083920450435,""width"":18.072672250530157,""height"":13.77662534904779,""rotation"":0,""rectanglelabels"":[""Seal""],""original_width"":2550,""original_height"":3301}]",60.863,"2026-01-12T05:20:09.865886Z"
49,"1","2026-01-12T05:20:49.835584Z",49,"/data/upload/1/2cc4d0c7-2-22-mj-00031-WED-1.png","[{""x"":73.57979913262143,""y"":1.4040040747691125,""width"":21.721306082240876,""height"":16.471364877169332,""rotation"":0,""rectanglelabels"":[""Seal""],""original_width"":2550,""original_height"":3301}]",37.778,"2026-01-12T05:20:49.835609Z"
50,"1","2026-01-12T05:24:26.816737Z",50,"/data/upload/1/013214ca-2-22-mj-00036-WED-1.png","[{""x"":72.95699091867732,""y"":2.403928928019293,""width"":20.457923993783847,""height"":15.491986425013296,""rotation"":0,""rectanglelabels"":[""Seal""],""original_width"":2550,""original_height"":3301}]",212.402,"2026-01-12T05:24:26.816779Z"
51,"1","2026-01-12T05:25:12.760975Z",51,"/data/upload/1/50cdf819-2-22-mj-00068-WED-1.png","[{""x"":73.22516556393164,""y"":2.944984156832771,""width"":19.41618788575829,""height"":14.793408787811094,""rotation"":0,""rectanglelabels"":[""Seal""],""original_width"":2550,""original_height"":3301}]",44.244,"2026-01-12T05:25:12.761020Z"
52,"1","2026-01-12T05:26:17.779071Z",52,"/data/upload/1/63a8cbd9-2-22-mj-00128-WED-1.png","[{""x"":73.00351958350075,""y"":1.4382480765927415,""width"":19.416187885758397,""height"":14.827652789634676,""rotation"":0,""rectanglelabels"":[""Seal""],""original_width"":2550,""original_height"":3301}]",61.064,"2026-01-12T05:26:17.779094Z"
53,"1","2026-01-12T05:27:05.075968Z",53,"/data/upload/1/84f42972-2-22-mj-00142-WED-1.png","[{""x"":73.09217797567328,""y"":1.0615640565327407,""width"":23.006852768740817,""height"":17.498684931878312,""rotation"":0,""rectanglelabels"":[""Seal""],""original_width"":2550,""original_height"":3301}]",45.65,"2026-01-12T05:27:05.076002Z"
54,"1","2026-01-12T05:27:46.940079Z",54,"/data/upload/1/86428714-2-22-mj-00151-WED-1.png","[{""x"":76.06905398976969,""y"":1.2459548355830956,""width"":19.617374237226436,""height"":14.922482333146386,""rotation"":0,""rectanglelabels"":[""Seal""],""original_width"":2550,""original_height"":3301}]",40.138,"2026-01-12T05:27:46.940102Z"
55,"1","2026-01-12T05:28:29.706153Z",55,"/data/upload/1/2509dcc0-2-22-mj-00301-SCD-1.png","[{""x"":76.30247975657295,""y"":2.4365924374510883,""width"":16.615698672871705,""height"":12.667885989303457,""rotation"":0,""rectanglelabels"":[""Seal""],""original_width"":2550,""original_height"":3301}]",40.992,"2026-01-12T05:28:29.706174Z"
56,"1","2026-01-12T05:29:12.784462Z",56,"/data/upload/1/8ca4bb70-2-22-mj-00307-WEC-1.png","[{""x"":75.94307363707051,""y"":1.4183906080796216,""width"":19.48536091701393,""height"":14.820734517076936,""rotation"":0,""rectanglelabels"":[""Seal""],""original_width"":2550,""original_height"":3301}]",41.171,"2026-01-12T05:29:12.784484Z"
57,"1","2026-01-12T05:30:13.988810Z",57,"/data/upload/1/94ecfa5d-2-22-mj-00317-SCD-1.png","[{""x"":71.58498530874222,""y"":4.451720237072799,""width"":22.03161045484486,""height"":16.985024904523787,""rotation"":0,""rectanglelabels"":[""Seal""],""original_width"":2550,""original_height"":3301}]",59.237,"2026-01-12T05:30:13.988846Z"
58,"1","2026-01-12T05:31:08.492191Z",58,"/data/upload/1/eaa9535a-2-22-mj-00330-SCD-1.png","[{""x"":76.72260105761833,""y"":2.977813518068096,""width"":17.219830211761874,""height"":12.986734237772238,""rotation"":0,""rectanglelabels"":[""Seal""],""original_width"":2550,""original_height"":3301}]",52.421,"2026-01-12T05:31:08.492216Z"
59,"1","2026-01-12T05:32:01.667785Z",59,"/data/upload/1/6da17701-2-22-mj-00338-SCD-1.png","[{""x"":72.74436428330424,""y"":6.167023513885922,""width"":18.072672250530125,""height"":13.697600729454768,""rotation"":0,""rectanglelabels"":[""Seal""],""original_width"":2550,""original_height"":3301}]",49.453,"2026-01-12T05:32:01.667816Z"
60,"1","2026-01-12T05:32:39.637855Z",60,"/data/upload/1/f627094d-2-22-mj-00339-SCD-1.png","[{""x"":72.38957720877454,""y"":6.831678404009563,""width"":17.936274724111087,""height"":13.644917649726088,""rotation"":0,""rectanglelabels"":[""Seal""],""original_width"":2550,""original_height"":3301}]",35.702,"2026-01-12T05:32:39.637880Z"
61,"1","2026-01-12T05:34:07.418011Z",61,"/data/upload/1/95d06405-2-22-mj-00360-SCD-1.png","[{""x"":73.7022571316155,""y"":2.3607160684626334,""width"":21.227801845169814,""height"":16.143600859714542,""rotation"":0,""rectanglelabels"":[""Seal""],""original_width"":2550,""original_height"":3301}]",85.632,"2026-01-12T05:34:07.418051Z"
62,"1","2026-01-12T05:35:32.451233Z",62,"/data/upload/1/ad65ede3-2-22-mj-00361-SCD-1.png","[{""x"":75.20974957332939,""y"":3.0226917396265662,""width"":18.379566684973206,""height"":14.040040747691135,""rotation"":0,""rectanglelabels"":[""Seal""],""original_width"":2550,""original_height"":3301}]",83.197,"2026-01-12T05:35:32.451255Z"
63,"1","2026-01-12T05:36:46.640080Z",63,"/data/upload/1/abbd11e2-2-22-mj-00409-SCD-1.png","[{""x"":74.37772466217312,""y"":2.397080127654579,""width"":21.411001709637418,""height"":16.3001448680511,""rotation"":0,""rectanglelabels"":[""Seal""],""original_width"":2550,""original_height"":3301}]",72.398,"2026-01-12T05:36:46.640103Z"
64,"1","2026-01-12T05:39:42.496146Z",64,"/data/upload/1/e9be9ed6-2-22-mj-00520-SCD-1.png","[{""x"":73.81060820593491,""y"":4.925210439592748,""width"":17.13241303052973,""height"":13.012720692982002,""rotation"":0,""rectanglelabels"":[""Seal""],""original_width"":2539,""original_height"":3308}]",173.854,"2026-01-12T05:39:42.496170Z"
65,"1","2026-01-12T05:40:39.574516Z",65,"/data/upload/1/5bf44815-2-22-mj-00559-SCD-1.png","[{""x"":76.57657590742161,""y"":1.0460845497267734,""width"":19.65371677767907,""height"":14.899636694757021,""rotation"":0,""rectanglelabels"":[""Seal""],""original_width"":2550,""original_height"":3301}]",55.117,"2026-01-12T05:40:39.574541Z"
66,"1","2026-01-12T05:41:29.561322Z",66,"/data/upload/1/29195848-2-22-mj-00560-SCD-1.png","[{""x"":75.58143283282146,""y"":2.743419372856893,""width"":19.95495811511371,""height"":15.125312190101761,""rotation"":0,""rectanglelabels"":[""Seal""],""original_width"":2550,""original_height"":3301}]",48.101,"2026-01-12T05:41:29.561362Z"
67,"1","2026-01-12T05:42:55.817079Z",67,"/data/upload/1/d0ee23ff-2-22-mj-00574-SCD-1.png","[{""x"":78.99667338851549,""y"":2.2781481676133093,""width"":15.583417393381668,""height"":11.85369293895123,""rotation"":0,""rectanglelabels"":[""Seal""],""original_width"":2550,""original_height"":3301}]",83.897,"2026-01-12T05:42:55.817101Z"
68,"1","2026-01-12T05:43:32.453214Z",68,"/data/upload/1/46d909d8-2-22-mj-00575-SCD-1.png","[{""x"":76.91471865356814,""y"":3.628547156506291,""width"":16.98149203917736,""height"":12.933696073389026,""rotation"":0,""rectanglelabels"":[""Seal""],""original_width"":2550,""original_height"":3301}]",34.971,"2026-01-12T05:43:32.453250Z"
69,"1","2026-01-12T05:44:38.604701Z",69,"/data/upload/1/a895d9f2-2-22-mj-00805-NJ-1.png","[{""x"":77.74674356472468,""y"":8.491975436597949,""width"":20.967709748775427,""height"":15.99194885163838,""rotation"":0,""rectanglelabels"":[""Seal""],""original_width"":2550,""original_height"":3301}]",64.298,"2026-01-12T05:44:38.604725Z"
70,"1","2026-01-12T05:45:53.324019Z",70,"/data/upload/1/517491f2-2-22-mj-00834-NJ-1.png","[{""x"":76.6662803018762,""y"":8.922312534324313,""width"":21.092903192667258,""height"":15.955447003540693,""rotation"":0,""rectanglelabels"":[""Seal""],""original_width"":2550,""original_height"":3301}]",72.951,"2026-01-12T05:45:53.324041Z"
71,"1","2026-01-12T05:46:36.582256Z",71,"/data/upload/1/87683049-2-22-mj-00851-NJ-1.png","[{""x"":75.48682052260321,""y"":8.214964937661417,""width"":20.83398617427935,""height"":15.444044822460205,""rotation"":0,""rectanglelabels"":[""Seal""],""original_width"":2547,""original_height"":3297}]",41.197,"2026-01-12T05:46:36.582288Z"
72,"1","2026-01-12T05:47:40.476025Z",72,"/data/upload/1/b1dedc61-2-22-mj-00853-NJ-1.png","[{""x"":75.08699179955228,""y"":7.773902194172953,""width"":21.76563527832714,""height"":16.574096882640273,""rotation"":0,""rectanglelabels"":[""Seal""],""original_width"":2550,""original_height"":3301}]",61.881,"2026-01-12T05:47:40.476049Z"
73,"1","2026-01-12T05:48:41.693388Z",73,"/data/upload/1/b5dbf7ba-2-22-mj-00873-NJ-1.png","[{""x"":78.54466909427649,""y"":9.300679831756877,""width"":20.036796630965085,""height"":15.238580811518382,""rotation"":0,""rectanglelabels"":[""Seal""],""original_width"":2550,""original_height"":3301}]",58.578,"2026-01-12T05:48:41.693412Z"
74,"1","2026-01-12T05:49:18.695256Z",74,"/data/upload/1/684f89e8-2-22-mj-00964-NJ-1.png","[{""x"":78.82428402343542,""y"":13.675628528750128,""width"":16.435901933501036,""height"":12.591256055152607,""rotation"":0,""rectanglelabels"":[""Seal""],""original_width"":2550,""original_height"":3301}]",35.307,"2026-01-12T05:49:18.695319Z"
75,"1","2026-01-12T05:50:17.807817Z",75,"/data/upload/1/3a9f4bf6-2-22-mj-00987-NJ-1.png","[{""x"":78.21049515454949,""y"":10.718991612244395,""width"":16.77689574954875,""height"":12.749305294338647,""rotation"":0,""rectanglelabels"":[""Seal""],""original_width"":2550,""original_height"":3301}]",57.279,"2026-01-12T05:50:17.807910Z"
76,"1","2026-01-12T05:51:05.117478Z",76,"/data/upload/1/37f0b21c-2-22-mj-00994-NJ-1.png","[{""x"":74.77668742694891,""y"":8.518195505881867,""width"":21.23368492529268,""height"":16.09468085710933,""rotation"":0,""rectanglelabels"":[""Seal""],""original_width"":2550,""original_height"":3301}]",42.369,"2026-01-12T05:51:05.117501Z"
77,"1","2026-01-12T05:51:42.343374Z",77,"/data/upload/1/e7433455-2-22-mj-01806-NJ-1.png","[{""x"":79.30082992668892,""y"":7.514785397187946,""width"":18.098035426930412,""height"":13.782503213315017,""rotation"":0,""rectanglelabels"":[""Seal""],""original_width"":2550,""original_height"":3301}]",34.85,"2026-01-12T05:51:42.343398Z"
78,"1","2026-01-12T05:52:32.833379Z",78,"/data/upload/1/ba982c17-2-22-mj-01809-NJ-1.png","[{""x"":80.74934911221345,""y"":9.092482001548117,""width"":16.181706543356324,""height"":12.308683172971605,""rotation"":0,""rectanglelabels"":[""Seal""],""original_width"":2550,""original_height"":3301}]",47.169,"2026-01-12T05:52:32.833403Z"
79,"1","2026-01-12T05:53:28.993644Z",79,"/data/upload/1/7b46dde7-2-23-mj-00023-WED-1.png","[{""x"":74.314751518482,""y"":1.163132929074579,""width"":20.01677985111403,""height"":15.257567246095965,""rotation"":0,""rectanglelabels"":[""Seal""],""original_width"":2550,""original_height"":3301}]",51.672,"2026-01-12T05:53:28.993666Z"
80,"1","2026-01-12T05:54:02.894962Z",80,"/data/upload/1/91201654-2-23-mj-00025-WED-1.png","[{""x"":74.28906627000077,""y"":1.1642960620036533,""width"":19.992467434878776,""height"":15.272824813342018,""rotation"":0,""rectanglelabels"":[""Seal""],""original_width"":2550,""original_height"":3301}]",32.226,"2026-01-12T05:54:02.894985Z"
81,"1","2026-01-12T05:54:44.609746Z",81,"/data/upload/1/9abb77b2-2-23-mj-00026-WED-1.png","[{""x"":73.4830808866148,""y"":3.6170879047060045,""width"":20.14963458463916,""height"":15.378669909887849,""rotation"":0,""rectanglelabels"":[""Seal""],""original_width"":2550,""original_height"":3301}]",39.791,"2026-01-12T05:54:44.609769Z"
82,"1","2026-01-12T05:55:24.776685Z",82,"/data/upload/1/1f25017d-2-23-mj-00335-SCD-1.png","[{""x"":76.86821949683417,""y"":1.5876764481867995,""width"":19.22275139374556,""height"":14.693789873415103,""rotation"":0,""rectanglelabels"":[""Seal""],""original_width"":2550,""original_height"":3301}]",37.741,"2026-01-12T05:55:24.776707Z"
83,"1","2026-01-12T05:56:04.184202Z",83,"/data/upload/1/5298dd12-2-23-mj-00347-SCD-1.png","[{""x"":75.80799480438387,""y"":2.830860290615341,""width"":18.738739274062713,""height"":14.277640476000544,""rotation"":0,""rectanglelabels"":[""Seal""],""original_width"":2550,""original_height"":3301}]",37.232,"2026-01-12T05:56:04.184228Z"
84,"1","2026-01-12T05:56:43.658489Z",84,"/data/upload/1/ee60af10-2-23-mj-00367-SCD-1.png","[{""x"":74.8904553637574,""y"":1.2657623051693954,""width"":20.14963458463927,""height"":15.325986830159158,""rotation"":0,""rectanglelabels"":[""Seal""],""original_width"":2550,""original_height"":3301}]",36.36,"2026-01-12T05:56:43.658550Z"
85,"1","2026-01-12T05:57:33.758503Z",85,"/data/upload/1/f7a2fe71-2-23-mj-00372-SCD-1.png","[{""x"":76.53962545591557,""y"":1.4751262324028176,""width"":15.583417393381769,""height"":11.748326779493887,""rotation"":0,""rectanglelabels"":[""Seal""],""original_width"":2550,""original_height"":3301}]",48.372,"2026-01-12T05:57:33.758530Z"
86,"1","2026-01-12T05:58:18.648608Z",86,"/data/upload/1/3b2409ec-2-23-mj-00554-SCD-1.png","[{""x"":74.59937064260407,""y"":0.6506360346490998,""width"":21.80996447441337,""height"":16.676828888111118,""rotation"":0,""rectanglelabels"":[""Seal""],""original_width"":2550,""original_height"":3301}]",43.13,"2026-01-12T05:58:18.648630Z"
87,"1","2026-01-12T05:58:50.300653Z",87,"/data/upload/1/94d5763c-2-24-mj-00054-WED-1.png","[{""x"":73.85310144898742,""y"":1.7291805879538915,""width"":21.098499195079466,""height"":15.783371749621722,""rotation"":0,""rectanglelabels"":[""Seal""],""original_width"":2550,""original_height"":3301}]",29.8,"2026-01-12T05:58:50.300685Z"
88,"1","2026-01-12T05:59:17.525643Z",88,"/data/upload/1/0d10b2e3-2-24-mj-00096-WED-1.png","[{""x"":74.82101662303518,""y"":1.71220009118184,""width"":19.504846277930685,""height"":14.724920784163842,""rotation"":0,""rectanglelabels"":[""Seal""],""original_width"":2550,""original_height"":3301}]",25.226,"2026-01-12T05:59:17.525667Z"
89,"1","2026-01-12T05:59:54.717941Z",89,"/data/upload/1/9d089080-2-24-mj-00114-WED-1.png","[{""x"":73.18083636784561,""y"":2.4313241294782166,""width"":20.746063768344268,""height"":15.752240838872943,""rotation"":0,""rectanglelabels"":[""Seal""],""original_width"":2550,""original_height"":3301}]",35.329,"2026-01-12T05:59:54.717964Z"
90,"1","2026-01-18T04:41:33.299509Z",90,"/data/upload/1/1bffaa0e-1-21-mc-00071-AJ-1.png","",2.102,"2026-01-18T04:41:33.299531Z"
91,"1","2026-01-18T04:41:42.835820Z",91,"/data/upload/1/1fdb2ff8-1-21-mc-00072-AJ-1.png","",2.861,"2026-01-18T04:41:42.835844Z"
92,"1","2026-01-18T04:41:50.041301Z",92,"/data/upload/1/89da0d38-1-21-mc-00073-AJ-1.png","",2.068,"2026-01-18T04:41:50.041322Z"
93,"1","2026-01-18T04:41:56.079556Z",93,"/data/upload/1/d093cf07-1-21-mc-00074-AJ-1.png","",3.91,"2026-01-18T04:41:56.079578Z"
94,"1","2026-01-18T04:42:01.152303Z",94,"/data/upload/1/76b99752-1-21-mc-00075-AJ-1.png","",2.807,"2026-01-18T04:42:01.152325Z"
95,"1","2026-01-18T04:42:05.279320Z",95,"/data/upload/1/97a524db-1-21-mc-00081-AJ-1.png","",1.912,"2026-01-18T04:42:05.279348Z"
96,"1","2026-01-18T04:42:13.904059Z",96,"/data/upload/1/c520d59d-1-21-mj-00333-DL-1.png","",5.476,"2026-01-18T04:42:13.904082Z"
97,"1","2026-01-18T04:42:21.213406Z",97,"/data/upload/1/590d634f-1-22-mc-00005-AJ-1.png","",4.953,"2026-01-18T04:42:21.213442Z"
98,"1","2026-01-18T04:42:26.288245Z",98,"/data/upload/1/08eb0bd7-1-22-mc-00019-AF-1.png","",3.085,"2026-01-18T04:42:26.288280Z"
99,"1","2026-01-18T04:42:38.865162Z",99,"/data/upload/1/1432d10c-1-22-mc-00027-AJ-1.png","",2.075,"2026-01-18T04:42:38.865207Z"
100,"1","2026-01-18T04:42:42.424962Z",100,"/data/upload/1/a361a218-1-22-mc-00052-AJ-1.png","",1.714,"2026-01-18T04:42:42.424987Z"
101,"1","2026-01-18T04:42:47.445752Z",101,"/data/upload/1/ea3c6a76-1-22-mc-00064-AJ-1.png","",1.791,"2026-01-18T04:42:47.445778Z"
102,"1","2026-01-18T04:42:53.205713Z",102,"/data/upload/1/69467ec1-1-22-mc-00069-AJ-1.png","",1.853,"2026-01-18T04:42:53.205751Z"
103,"1","2026-01-18T04:42:56.708184Z",103,"/data/upload/1/ac017e49-1-23-mc-00005-AJ-1.png","",1.642,"2026-01-18T04:42:56.708227Z"
104,"1","2026-01-18T04:45:32.012674Z",104,"/data/upload/1/5b5d21b4-3-21-mj-00654-KFR-Affidavit-1.png","[{""x"":58.608721384407204,""y"":77.31576161995923,""width"":20.35476995449149,""height"":15.723921049364883,""rotation"":0,""rectanglelabels"":[""Seal""],""original_width"":2550,""original_height"":3301}]",143.569,"2026-01-18T04:45:32.012696Z"
105,"1","2026-01-18T04:47:08.981234Z",105,"/data/upload/1/7d570117-3-22-mj-00049-KFR-Affidavit-1.png","[{""x"":59.707057246604045,""y"":76.99147130217186,""width"":20.390038388160804,""height"":15.536132695496448,""rotation"":0,""rectanglelabels"":[""Seal""],""original_width"":2550,""original_height"":3301}]",69.405,"2026-01-18T04:47:08.981256Z"
106,"1","2026-01-18T04:48:06.982203Z",106,"/data/upload/1/7a569e77-3-22-mj-00075-KFR-affidavit-1.png","[{""x"":62.21392624370584,""y"":80.61989842815629,""width"":20.400296038871833,""height"":15.447469222642617,""rotation"":0,""rectanglelabels"":[""Seal""],""original_width"":2550,""original_height"":3301}]",48.553999999999995,"2026-01-18T04:48:06.982249Z"
107,"1","2026-01-18T04:48:44.852073Z",107,"/data/upload/1/e308df52-3-22-mj-00099-KFR-affidavit-1.png","[{""x"":59.76992467588536,""y"":76.56285257145387,""width"":20.28504012904786,""height"":15.536503627383993,""rotation"":0,""rectanglelabels"":[""Seal""],""original_width"":2550,""original_height"":3301}]",35.841,"2026-01-18T04:48:44.852096Z"
108,"1","2026-01-18T04:49:16.534548Z",108,"/data/upload/1/782efc83-3-22-mj-00109-KFR-affidavit-1.png","[{""x"":62.502066018266525,""y"":79.82785103460873,""width"":20.342668083959627,""height"":15.581020829754543,""rotation"":0,""rectanglelabels"":[""Seal""],""original_width"":2550,""original_height"":3301}]",28.78,"2026-01-18T04:49:16.534578Z"
109,"1","2026-01-18T04:50:03.733209Z",109,"/data/upload/1/d51e4984-3-2021-mj-00619-affidavit-1.png","[{""x"":60.61466183650413,""y"":80.45429996662999,""width"":20.30277180748233,""height"":15.615264831578408,""rotation"":0,""rectanglelabels"":[""Seal""],""original_width"":2550,""original_height"":3301}]",44.472,"2026-01-18T04:50:03.733250Z"
110,"1","2026-01-18T04:50:15.680906Z",110,"/data/upload/1/cb23f544-casdc-322mj00245deb-012422-1.png","",4.746,"2026-01-18T04:50:15.680932Z"
111,"1","2026-01-18T04:50:21.225163Z",111,"/data/upload/1/7accfa02-casdc-322mj00415mdd-020422-1.png","",3.364,"2026-01-18T04:50:21.225186Z"
112,"1","2026-01-18T04:50:26.924053Z",112,"/data/upload/1/c976075b-casdc-322mj00720blm-022522-1.png","",3.156,"2026-01-18T04:50:26.924076Z"
113,"1","2026-01-18T04:50:32.609215Z",113,"/data/upload/1/9b3f2781-casdc-322mj01456ahg-042722-1.png","",3.557,"2026-01-18T04:50:32.609238Z"
114,"1","2026-01-18T04:50:38.624223Z",114,"/data/upload/1/850c83e7-casdc-322mj02736blm-072922-app-1.png","",3.042,"2026-01-18T04:50:38.624265Z"
115,"1","2026-01-18T04:50:44.539142Z",115,"/data/upload/1/5677aeac-casdc-323mhj04455ddl-121123-1.png","",2.902,"2026-01-18T04:50:44.539166Z"
116,"1","2026-01-18T04:50:52.357585Z",116,"/data/upload/1/54ade77c-casdc-323mj01307msb-041223-1.png","",2.378,"2026-01-18T04:50:52.357610Z"
117,"1","2026-01-18T04:50:56.312163Z",117,"/data/upload/1/79d0f93e-casdc-323mj01308msb-041223-1.png","",1.673,"2026-01-18T04:50:56.312185Z"
118,"1","2026-01-18T04:51:02.638383Z",118,"/data/upload/1/91195adf-casdc-323mj01568blm-0502323-1.png","",4.318,"2026-01-18T04:51:02.638405Z"
119,"1","2026-01-18T04:51:06.825145Z",119,"/data/upload/1/c1a3c419-casdc-323mj01683bgs-050923-1.png","",2.252,"2026-01-18T04:51:06.825170Z"
120,"1","2026-01-18T04:51:14.102743Z",120,"/data/upload/1/19ab708b-casdc-323mj01745ags-052522-app-1.png","",5.212,"2026-01-18T04:51:14.102786Z"
121,"1","2026-01-18T04:51:54.491490Z",121,"/data/upload/1/58ad7017-casdc-323mj01745ags-071122-1.png","[{""x"":70.55787783542449,""y"":77.99130580252115,""width"":24.048145584805443,""height"":18.403411460058873,""rotation"":0,""rectanglelabels"":[""Seal""],""original_width"":2550,""original_height"":3301}]",37.155,"2026-01-18T04:51:54.491514Z"
122,"1","2026-01-18T04:51:59.837136Z",122,"/data/upload/1/d00919d1-casdc-323mj01837jlb-052423-1.png","",3.206,"2026-01-18T04:51:59.837158Z"
123,"1","2026-01-18T04:52:04.061827Z",123,"/data/upload/1/1070f8b5-casdc-323mj01995msb-060322-1.png","",2.267,"2026-01-18T04:52:04.061852Z"
124,"1","2026-01-18T04:52:20.724589Z",124,"/data/upload/1/f92d7f9e-casdc-323mj02013msb-060322-1.png","",14.402,"2026-01-18T04:52:20.724611Z"
125,"1","2026-01-18T04:52:38.829024Z",125,"/data/upload/1/67193d1f-casdc-323mj02081wvg-060823-1.png","",15.643,"2026-01-18T04:52:38.829048Z"
126,"1","2026-01-18T04:53:00.385737Z",126,"/data/upload/1/e518d2a6-casdc-323mj03352ahg-091222-app-1.png","",19.508,"2026-01-18T04:53:00.385768Z"
127,"1","2026-01-18T04:53:44.287365Z",127,"/data/upload/1/0d767205-casdc-323mj03352ahg-092122-1.png","[{""x"":61.29591292195663,""y"":69.62838792542426,""width"":19.36299285045466,""height"":14.690676782340375,""rotation"":0,""rectanglelabels"":[""Seal""],""original_width"":2550,""original_height"":3301}]",40.094,"2026-01-18T04:53:44.287389Z"
128,"1","2026-01-18T04:53:55.177782Z",128,"/data/upload/1/c673e1bc-casdc-323mj03690mmp-101223-1.png","",8.673,"2026-01-18T04:53:55.177806Z"
129,"1","2026-01-18T04:54:00.322526Z",129,"/data/upload/1/608ae042-casdc-323mj03972msb-121123-1.png","",2.949,"2026-01-18T04:54:00.322550Z"
130,"1","2026-01-18T04:54:05.830559Z",130,"/data/upload/1/5106c999-casdc-323mj04010deb-110223-1.png","",2.448,"2026-01-18T04:54:05.830580Z"
131,"1","2026-01-18T04:54:13.633296Z",131,"/data/upload/1/5dd8f28b-casdc-323mj033689mmp-101223-1.png","",6.148,"2026-01-18T04:54:13.633317Z"
132,"1","2026-01-18T04:54:22.885991Z",132,"/data/upload/1/1f780292-casdc-324mj00898mmp-030624-1.png","",7.286,"2026-01-18T04:54:22.886014Z"
133,"1","2026-01-18T04:54:33.341353Z",133,"/data/upload/1/eaa9dcda-casdc-324mj01047bgs-031324-app-1.png","",8.348,"2026-01-18T04:54:33.341375Z"
134,"1","2026-01-18T04:54:57.997716Z",134,"/data/upload/1/2d636107-casdc-324mj01062bgs-40824-1.png","[{""x"":74.90302563579444,""y"":76.61088454873759,""width"":23.823396560648845,""height"":18.22979437081311,""rotation"":0,""rectanglelabels"":[""Seal""],""original_width"":2550,""original_height"":3301}]",22.02,"2026-01-18T04:54:57.997738Z"
135,"1","2026-01-18T04:55:24.906091Z",135,"/data/upload/1/102067d8-casdc-324mj01063bgs-040824-1.png","[{""x"":74.45352758748011,""y"":76.50382058872938,""width"":23.74848021926263,""height"":18.461283823140683,""rotation"":0,""rectanglelabels"":[""Seal""],""original_width"":2550,""original_height"":3301}]",23.566,"2026-01-18T04:55:24.906130Z"
136,"1","2026-01-18T04:55:36.344123Z",136,"/data/upload/1/8527a34c-casdc-324mj01632ahg-042524-1.png","",8.169,"2026-01-18T04:55:36.344146Z"
137,"1","2026-01-18T04:55:42.552147Z",137,"/data/upload/1/63338429-casdc-324mj02539ddl-070324-1.png","",4.404,"2026-01-18T04:55:42.552170Z"
138,"1","2026-01-18T04:55:49.181880Z",138,"/data/upload/1/1c8727b0-gasd-122mj00001bke-010522-1.png","",4.632,"2026-01-18T04:55:49.181902Z"
139,"1","2026-01-18T04:55:55.389988Z",139,"/data/upload/1/f82a717b-gasd-223mj00003bwc-032723-return2-1.png","",4.343,"2026-01-18T04:55:55.390023Z"
140,"1","2026-01-18T04:56:02.060444Z",140,"/data/upload/1/e4e74f85-gasd-223mj00003bwc-060223-return4-1.png","",4.8,"2026-01-18T04:56:02.060475Z"
141,"1","2026-01-18T04:56:19.980740Z",141,"/data/upload/1/91fd6589-gudc-12023mj00040-3242023-1.png","",14.394,"2026-01-18T04:56:19.980789Z"
142,"1","2026-01-18T04:56:35.170530Z",142,"/data/upload/1/aef748e7-gudc-12023mj00041-3242023-1.png","",12.703,"2026-01-18T04:56:35.170552Z"
143,"1","2026-01-18T04:56:49.524096Z",143,"/data/upload/1/81b3c543-gudc-12023mj00056-552023-1.png","",11.304,"2026-01-18T04:56:49.524143Z"
144,"1","2026-01-18T04:57:02.404965Z",144,"/data/upload/1/560702b3-kyed-522mj05288MAS-warrant-1.png","",10.189,"2026-01-18T04:57:02.404989Z"
145,"1","2026-01-18T04:57:47.502848Z",145,"/data/upload/1/936e43ac-lamd-321mj00089UNA-1.png","[{""x"":68.25045452074497,""y"":79.73948363796553,""width"":19.751043813117246,""height"":15.227414632769934,""rotation"":0,""rectanglelabels"":[""Seal""],""original_width"":2550,""original_height"":3301}]",43.004,"2026-01-18T04:57:47.502870Z"
146,"1","2026-01-18T04:58:10.888219Z",146,"/data/upload/1/966cea54-mad-123mj07280JCB-warrant-1.png","[{""x"":41.600983051208615,""y"":85.04222000343536,""width"":14.003593043632476,""height"":10.995748985569694,""rotation"":0,""rectanglelabels"":[""Seal""],""original_width"":2550,""original_height"":3301}]",21.111,"2026-01-18T04:58:10.888244Z"
147,"1","2026-01-18T04:58:23.867122Z",147,"/data/upload/1/12889e7b-mdd-121mj02156tmd-081321-1.png","",10.655,"2026-01-18T04:58:23.867153Z"
148,"1","2026-01-18T04:58:34.646192Z",148,"/data/upload/1/92a0e1c8-mdd-121mj02157tmd-081621-1.png","",8.836,"2026-01-18T04:58:34.646237Z"
149,"1","2026-01-18T04:58:47.761086Z",149,"/data/upload/1/8ed87404-mdd-122mj00206adc-031622-1.png","",11.171,"2026-01-18T04:58:47.761108Z"
150,"1","2026-01-18T04:59:02.532448Z",150,"/data/upload/1/2c8a7986-mdd-122mj00641adb-030822-1.png","",12.071,"2026-01-18T04:59:02.532472Z"
151,"1","2026-01-18T04:59:23.446388Z",151,"/data/upload/1/77a29507-mdd-122mj01858adc-062122-1.png","",4.062,"2026-01-18T04:59:23.446417Z"
152,"1","2026-01-18T04:59:36.517141Z",152,"/data/upload/1/58cae20b-mdd-122mj01859adc-062122-1.png","",10.89,"2026-01-18T04:59:36.517164Z"
153,"1","2026-01-18T05:00:26.089900Z",153,"/data/upload/1/353b3878-mdd-123mj01008JMC-1.png","[{""x"":39.77704007785633,""y"":88.20897582255607,""width"":11.488148524180895,""height"":8.749523241212819,""rotation"":0,""rectanglelabels"":[""Seal""],""original_width"":2550,""original_height"":3301}]",47.165,"2026-01-18T05:00:26.089950Z"
154,"1","2026-01-18T05:00:36.562786Z",154,"/data/upload/1/b0ddd7c4-mdd-823mj02389aao-100523-1.png","",8.248,"2026-01-18T05:00:36.562810Z"
155,"1","2026-01-18T05:01:19.478569Z",155,"/data/upload/1/9343bb76-medc-123mj00044JCN-030223-1.png","[{""x"":67.41447810125337,""y"":84.94557031116923,""width"":11.46118103938229,""height"":8.520369061085798,""rotation"":0,""rectanglelabels"":[""Seal""],""original_width"":2550,""original_height"":3301}]",40.813,"2026-01-18T05:01:19.478633Z"
156,"1","2026-01-18T05:02:03.074912Z",156,"/data/upload/1/87e973dc-medc-124mj00099JCN-040124-1.png","[{""x"":66.62383500981991,""y"":87.04870250702488,""width"":11.409320491692759,""height"":8.445052652232826,""rotation"":0,""rectanglelabels"":[""Seal""],""original_width"":2550,""original_height"":3301}]",41.418,"2026-01-18T05:02:03.074934Z"
157,"1","2026-01-18T05:02:34.316133Z",157,"/data/upload/1/d7853255-medc-221mj00215JHR-083021-1.png","[{""x"":66.3993410709816,""y"":86.8111353237812,""width"":13.216764299767728,""height"":9.966123615705245,""rotation"":0,""rectanglelabels"":[""Seal""],""original_width"":2550,""original_height"":3301}]",27.29,"2026-01-18T05:02:34.316154Z"
158,"1","2026-01-18T05:03:15.582007Z",158,"/data/upload/1/5033c809-medc-221mj00218JHR-083121-1.png","[{""x"":66.67980291288649,""y"":87.89440962983616,""width"":13.216764299767714,""height"":9.939041758053872,""rotation"":0,""rectanglelabels"":[""Seal""],""original_width"":2550,""original_height"":3301}]",39.364,"2026-01-18T05:03:15.582029Z"
159,"1","2026-01-18T05:04:00.618541Z",159,"/data/upload/1/11b07295-medc-222mj00017JHR-020222-1.png","[{""x"":66.46617132451927,""y"":87.34621942849655,""width"":13.22159018018312,""height"":10.01233532297896,""rotation"":0,""rectanglelabels"":[""Seal""],""original_width"":2550,""original_height"":3301}]",42.875,"2026-01-18T05:04:00.618567Z"
160,"1","2026-01-18T05:04:31.535354Z",160,"/data/upload/1/9390caee-medc-222mj00023JHR-022222-1.png","[{""x"":67.32513482411574,""y"":87.25236128151673,""width"":13.214067551287895,""height"":9.93695853823458,""rotation"":0,""rectanglelabels"":[""Seal""],""original_width"":2550,""original_height"":3301}]",28.62,"2026-01-18T05:04:31.535377Z"
161,"1","2026-01-18T05:05:15.058318Z",161,"/data/upload/1/4ce6275b-medc-223mj00050KFW-031023-1.png","[{""x"":67.86323097656263,""y"":85.02174760979496,""width"":19.38949456473253,""height"":14.585809096138671,""rotation"":0,""rectanglelabels"":[""Seal""],""original_width"":2550,""original_height"":3301}]",39.72,"2026-01-18T05:05:15.058341Z"
162,"1","2026-01-18T05:06:21.917066Z",162,"/data/upload/1/eece4002-medc-224mj00098KFW-040124-1.png","[{""x"":67.8424867574867,""y"":85.00081730077805,""width"":19.339539098386386,""height"":14.612299018488173,""rotation"":0,""rectanglelabels"":[""Seal""],""original_width"":2550,""original_height"":3301}]",64.67,"2026-01-18T05:06:21.917102Z"
163,"1","2026-01-18T05:06:34.974383Z",163,"/data/upload/1/bcd8a678-miwd-121mj00488PJG-1.png","",9.31,"2026-01-18T05:06:34.974409Z"
164,"1","2026-01-18T05:07:20.904170Z",164,"/data/upload/1/9e1621fc-miwd-122mj00126PJG-1.png","",43.527,"2026-01-18T05:07:20.904222Z"
165,"1","2026-01-18T05:07:33.208696Z",165,"/data/upload/1/b6cda567-miwd-122mj00293SJB-1.png","",10.015,"2026-01-18T05:07:33.208727Z"
166,"1","2026-01-18T05:08:38.904527Z",166,"/data/upload/1/625fda9b-miwd-122mj00385-RSK-1.png","",63.576,"2026-01-18T05:08:38.904552Z"
167,"1","2026-01-18T05:09:18.796116Z",167,"/data/upload/1/be34d0b4-miwd-123mj00012PJG-1.png","",26.451,"2026-01-18T05:09:18.796167Z"
168,"1","2026-01-18T05:09:57.614300Z",168,"/data/upload/1/ab68bc57-miwd-124mj00178PJG-1.png","",12.107,"2026-01-18T05:09:57.614327Z"
169,"1","2026-01-18T05:12:47.192520Z",169,"/data/upload/1/50d1decc-mowd-623sw02120DPR-1.png","[{""x"":67.75582101877025,""y"":84.53303001915742,""width"":5.143613824370933,""height"":4.124801140988895,""rotation"":0,""rectanglelabels"":[""Seal""],""original_width"":2550,""original_height"":3301}]",166.809,"2026-01-18T05:12:47.192543Z"
170,"1","2026-01-18T05:13:05.007623Z",170,"/data/upload/1/c374eea6-mtd-12024mj00012-1112024-1.png","",14.157,"2026-01-18T05:13:05.007648Z"
171,"1","2026-01-18T05:13:29.339190Z",171,"/data/upload/1/2fb7fd56-mtd-12024mj00014-1172024-1.png","",20.773,"2026-01-18T05:13:29.339229Z"
172,"1","2026-01-18T05:13:48.297676Z",172,"/data/upload/1/785c0571-ncmd-12023mj00125-3152023-1.png","",6.585,"2026-01-18T05:13:48.297706Z"
173,"1","2026-01-18T05:14:41.886070Z",174,"/data/upload/1/14e8d0a2-ncmd-12023mj00127-3152023-1.png","",13.722,"2026-01-18T05:14:41.886091Z"
174,"1","2026-01-18T05:19:41.435057Z",175,"/data/upload/1/ba8f13ce-ohnd-124mj03056RJS-1.png","",13.699,"2026-01-18T05:19:41.435080Z"
175,"1","2026-01-18T05:20:16.551695Z",176,"/data/upload/1/b61aef67-ohnd-322mj05012DAC-1.png","[{""x"":88.79648638836439,""y"":13.35419934115035,""width"":9.998834728664086,""height"":7.770561985965547,""rotation"":0,""rectanglelabels"":[""Seal""],""original_width"":2550,""original_height"":3301}]",32.925,"2026-01-18T05:20:16.551717Z"
176,"1","2026-01-18T05:20:30.520957Z",177,"/data/upload/1/2dcb8833-ohnd-322mj05240DAC-1.png","",5.74,"2026-01-18T05:20:30.520980Z"
177,"1","2026-01-18T05:21:07.654259Z",178,"/data/upload/1/dfb331e8-ohnd-523mj01110AMK-1.png","[{""x"":57.94152577361269,""y"":85.28605845953547,""width"":4.701921448102535,""height"":3.6533812917971256,""rotation"":0,""rectanglelabels"":[""Seal""],""original_width"":2550,""original_height"":3301}]",35.175,"2026-01-18T05:21:07.654296Z"
178,"1","2026-01-18T05:21:46.813443Z",179,"/data/upload/1/8e90868e-okedc-621mj00371sps-092121-1.png","[{""x"":85.07389625768725,""y"":86.63340109787273,""width"":12.841082598707867,""height"":10.22644204246268,""rotation"":0,""rectanglelabels"":[""Seal""],""original_width"":2550,""original_height"":3301}]",36.556,"2026-01-18T05:21:46.813482Z"
179,"1","2026-01-18T05:22:21.384904Z",180,"/data/upload/1/8eb925b8-okedc-621mj00403sps-102221-1.png","[{""x"":68.33540963656247,""y"":91.62454396722278,""width"":7.077488437457922,""height"":5.630167666478034,""rotation"":0,""rectanglelabels"":[""Seal""],""original_width"":2550,""original_height"":3301}]",18.782,"2026-01-18T05:22:21.384928Z"
180,"1","2026-01-18T05:22:53.455206Z",181,"/data/upload/1/a5e660f4-okedc-621mj00446kew-120621-1.png","",6.907,"2026-01-18T05:22:53.455238Z"
181,"1","2026-01-18T05:24:00.865994Z",182,"/data/upload/1/83dc6966-okedc-621mj00452kew-121021-1.png","[{""x"":38.92369798918228,""y"":84.55463236979548,""width"":6.700580769191002,""height"":5.355115708005175,""rotation"":0,""rectanglelabels"":[""Seal""],""original_width"":2550,""original_height"":3301}]",20.869,"2026-01-18T05:24:00.866029Z"
182,"1","2026-01-18T05:24:31.626387Z",183,"/data/upload/1/84e1a5e7-okedc-622mj00058kew-021822-1.png","[{""x"":43.72984345186815,""y"":82.56803738979508,""width"":9.938600784515481,""height"":7.863622608552326,""rotation"":0,""rectanglelabels"":[""Seal""],""original_width"":2550,""original_height"":3301}]",15.16,"2026-01-18T05:24:31.626409Z"
183,"1","2026-01-18T05:24:50.218184Z",184,"/data/upload/1/258c28d5-okedc-622mj00063kew-022422-1.png","[{""x"":46.52168676315477,""y"":77.66512947788613,""width"":8.270583869631732,""height"":6.585828675346203,""rotation"":0,""rectanglelabels"":[""Seal""],""original_width"":2550,""original_height"":3301}]",16.355,"2026-01-18T05:24:50.218210Z"
184,"1","2026-01-18T05:25:29.204586Z",185,"/data/upload/1/b7cafbe3-okedc-623mj00009jar-011223-1.png","[{""x"":85.32607136233237,""y"":86.57746096843212,""width"":12.725662197800133,""height"":10.125786505124342,""rotation"":0,""rectanglelabels"":[""Seal""],""original_width"":2556,""original_height"":3306}]",36.028,"2026-01-18T05:25:29.204616Z"
185,"1","2026-01-18T05:26:01.249476Z",186,"/data/upload/1/1f5109f5-okedc-623mj00009jar-042823-1.png","[{""x"":85.75570187841288,""y"":86.37014541584185,""width"":11.648938718077696,""height"":9.375857725581245,""rotation"":0,""rectanglelabels"":[""Seal""],""original_width"":2534,""original_height"":3287}]",29.837,"2026-01-18T05:26:01.249501Z"
186,"1","2026-01-18T05:26:27.268224Z",187,"/data/upload/1/2055f660-okedc-623mj00034jar-021623-1.png","[{""x"":45.683384314027926,""y"":75.88537598009326,""width"":9.095325566435479,""height"":7.281993717386897,""rotation"":0,""rectanglelabels"":[""Seal""],""original_width"":2550,""original_height"":3301}]",22.363,"2026-01-18T05:26:27.268248Z"
187,"1","2026-01-18T05:27:05.257205Z",188,"/data/upload/1/adecdd9b-okedc-623mj00034jar-041123-1.png","[{""x"":45.65782400811316,""y"":82.50754798511407,""width"":9.859273050595105,""height"":7.712399096849016,""rotation"":0,""rectanglelabels"":[""Seal""],""original_width"":2541,""original_height"":3287}]",35.386,"2026-01-18T05:27:05.257227Z"
188,"1","2026-01-18T05:27:28.439590Z",189,"/data/upload/1/11401e29-scd-222cr00626MHC-1.png","[{""x"":40.46365783041146,""y"":86.60747131492182,""width"":11.233630583709948,""height"":8.584842433596625,""rotation"":0,""rectanglelabels"":[""Seal""],""original_width"":2550,""original_height"":3301}]",21.0,"2026-01-18T05:27:28.439640Z"
189,"1","2026-01-18T05:27:38.634138Z",190,"/data/upload/1/5cf30321-wawd-222mj00496mat-1.png","",7.522,"2026-01-18T05:27:38.634181Z"
190,"1","2026-01-18T05:27:46.080845Z",191,"/data/upload/1/fc119d22-wawdc-222mj00127SKV-033122-app-1.png","",5.254,"2026-01-18T05:27:46.080867Z"
191,"1","2026-01-18T05:28:22.129111Z",192,"/data/upload/1/c588d98a-wawdc-222mj00200MAT-050522_0-1.png","[{""x"":84.40154005860815,""y"":11.644706913759578,""width"":9.03509162228682,""height"":6.943754146832404,""rotation"":0,""rectanglelabels"":[""Seal""],""original_width"":2550,""original_height"":3301}]",34.058,"2026-01-18T05:28:22.129135Z"
192,"1","2026-01-18T05:28:50.346670Z",193,"/data/upload/1/859644f2-wawdc-222mj00200MAT-050522_1-1.png","[{""x"":84.04239071144858,""y"":11.825306923332722,""width"":8.981629541681471,""height"":6.9107148725413525,""rotation"":0,""rectanglelabels"":[""Seal""],""original_width"":2550,""original_height"":3301}]",26.362,"2026-01-18T05:28:50.346691Z"
193,"1","2026-01-18T05:29:21.048276Z",194,"/data/upload/1/bc84b8fc-wawdc-222mj00200MAT-050522_2-1.png","[{""x"":85.73535659728148,""y"":11.839073287620657,""width"":8.999450235216424,""height"":6.952013965405143,""rotation"":0,""rectanglelabels"":[""Seal""],""original_width"":2550,""original_height"":3301}]",26.73,"2026-01-18T05:29:21.048311Z"
194,"1","2026-01-18T05:29:47.969587Z",195,"/data/upload/1/674ccc96-wawdc-223mj00039MLP-012423_0-1.png","[{""x"":88.17679161158783,""y"":9.016968608594786,""width"":9.106374396427041,""height"":7.020845786844807,""rotation"":0,""rectanglelabels"":[""Seal""],""original_width"":2550,""original_height"":3301}]",25.052,"2026-01-18T05:29:47.969617Z"
195,"1","2026-01-18T05:30:17.419960Z",196,"/data/upload/1/b7b6882f-wawdc-223mj00039MLP-012423_1-1.png","[{""x"":86.90231827613394,""y"":9.578590911007158,""width"":7.989937321223774,""height"":6.172172120303113,""rotation"":0,""rectanglelabels"":[""Seal""],""original_width"":2550,""original_height"":3301}]",27.627,"2026-01-18T05:30:17.420002Z"
196,"1","2026-01-18T05:30:45.915830Z",197,"/data/upload/1/14c7748b-wawdc-223mj00039MLP-012423_2-1.png","[{""x"":87.65025938018755,""y"":8.702459899930547,""width"":8.144056945532578,""height"":6.318761208160338,""rotation"":0,""rectanglelabels"":[""Seal""],""original_width"":2550,""original_height"":3301}]",25.452,"2026-01-18T05:30:45.915854Z"
197,"1","2026-01-18T05:31:13.433412Z",198,"/data/upload/1/4ee48e7c-wawdc-223mj00039MLP-012423_3-1.png","[{""x"":87.64217080553553,""y"":7.943192194136181,""width"":8.144056945532581,""height"":6.304994843872401,""rotation"":0,""rectanglelabels"":[""Seal""],""original_width"":2550,""original_height"":3301}]",23.941,"2026-01-18T05:31:13.433435Z"
198,"1","2026-01-18T05:31:22.903461Z",199,"/data/upload/1/2bb395e2-wawdc-224mj00173-032024-app-1.png","",7.712,"2026-01-18T05:31:22.903501Z"
